graph_type,k,k_bfs_time,tk_time,k_bfs_abs_error,tk_abs_error
dense,4,0.016071554671119235,0.2913114046580934,0.0,0.0
random_sparse,4,0.003481068337957034,0.006269429334982608,0.0,3.0
scale_free,4,0.0017459620042548335,0.0038276806687159667,0.0,0.0
small_world,4,0.0026454503434554335,0.0033143070080162,0.0,0.0
tree,4,0.002464722327810333,0.0003574719885363667,0.0,0.0
