graph_type,k,k_bfs_time,tk_time,k_bfs_abs_error,tk_abs_error
dense,4,0.02020046233277147,0.40122817366500385,0.0,0.0
random_sparse,4,0.0029370789998210967,0.006810069006557266,0.0,0.0
scale_free,4,0.002336234669201076,0.007043884999196355,0.3333333333333333,0.0
small_world,4,0.0035097253373047956,0.002977355664673572,0.0,0.0
tree,4,0.004235045004558439,0.0008069423298972348,0.0,0.0
